frame,timestamp_sec,cx_px,cy_px,cx_norm,cy_norm,size_x_px,size_y_px,size_norm,aspect_ratio,detected
1,0.0000,1084.0,579.5,0.6937,0.6097,40.0,69.0,0.00898,True
2,0.0000,1084.5,580.0,0.6945,0.6111,39.0,68.0,0.00863,True
3,0.0000,1084.0,579.5,0.6937,0.6097,40.0,69.0,0.00898,True
4,0.0000,1084.0,579.5,0.6937,0.6097,40.0,69.0,0.00898,True
5,0.0000,1084.5,580.0,0.6945,0.6111,39.0,68.0,0.00863,True
6,0.0000,1084.5,580.0,0.6945,0.6111,39.0,68.0,0.00863,True
6,0.0000,186.0,205.5,-0.7094,-0.4292,36.0,57.0,0.00668,True
7,0.0000,1084.0,579.5,0.6937,0.6097,40.0,69.0,0.00898,True
8,0.0000,1084.0,579.5,0.6937,0.6097,40.0,69.0,0.00898,True
9,0.0000,1084.5,579.5,0.6945,0.6097,39.0,69.0,0.00876,True
10,0.0000,1084.5,579.5,0.6945,0.6097,39.0,69.0,0.00876,True
11,0.0000,1084.0,579.5,0.6937,0.6097,40.0,69.0,0.00898,True
12,0.0000,1084.5,579.5,0.6945,0.6097,39.0,69.0,0.00876,True
13,0.0000,1084.0,579.5,0.6937,0.6097,40.0,69.0,0.00898,True
14,0.0000,1084.0,579.5,0.6937,0.6097,40.0,69.0,0.00898,True
15,0.0000,1084.5,579.5,0.6945,0.6097,39.0,69.0,0.00876,True
16,0.0000,1084.0,579.5,0.6937,0.6097,40.0,69.0,0.00898,True
17,0.0000,1084.0,579.5,0.6937,0.6097,40.0,69.0,0.00898,True
18,0.0000,1084.5,579.5,0.6945,0.6097,39.0,69.0,0.00876,True
19,0.0000,1084.0,579.5,0.6937,0.6097,40.0,69.0,0.00898,True
20,0.0000,1083.5,579.5,0.6930,0.6097,39.0,69.0,0.00876,True
21,0.0000,1084.0,579.5,0.6937,0.6097,40.0,69.0,0.00898,True
21,0.0000,186.5,208.0,-0.7086,-0.4222,35.0,52.0,0.00592,True
22,0.0000,1084.0,579.5,0.6937,0.6097,40.0,69.0,0.00898,True
23,0.0000,1084.5,579.5,0.6945,0.6097,39.0,69.0,0.00876,True
24,0.0000,1084.0,579.5,0.6937,0.6097,40.0,69.0,0.00898,True
25,0.0000,1084.5,579.5,0.6945,0.6097,39.0,69.0,0.00876,True
26,0.0000,1084.0,579.5,0.6937,0.6097,40.0,69.0,0.00898,True
27,0.0000,1084.0,579.5,0.6937,0.6097,40.0,69.0,0.00898,True
28,0.0000,1084.5,579.5,0.6945,0.6097,39.0,69.0,0.00876,True
28,0.0000,184.5,205.5,-0.7117,-0.4292,39.0,57.0,0.00724,True
29,0.0000,1084.5,579.5,0.6945,0.6097,39.0,69.0,0.00876,True
29,0.0000,187.5,206.5,-0.7070,-0.4264,33.0,55.0,0.00591,True
30,0.0000,1084.0,579.5,0.6937,0.6097,40.0,69.0,0.00898,True
31,0.0000,1084.5,580.0,0.6945,0.6111,39.0,68.0,0.00863,True
32,0.0000,1084.5,579.5,0.6945,0.6097,39.0,69.0,0.00876,True
33,0.0000,1084.5,580.0,0.6945,0.6111,39.0,70.0,0.00889,True
34,0.0000,1084.5,580.5,0.6945,0.6125,39.0,69.0,0.00876,True
35,0.0000,1084.5,580.5,0.6945,0.6125,39.0,69.0,0.00876,True
36,0.0000,1084.5,580.0,0.6945,0.6111,39.0,70.0,0.00889,True
37,0.0000,1084.5,580.0,0.6945,0.6111,39.0,70.0,0.00889,True
37,0.0000,180.5,205.0,-0.7180,-0.4306,47.0,60.0,0.00918,True
38,0.0000,1084.5,580.5,0.6945,0.6125,39.0,69.0,0.00876,True
38,0.0000,182.0,205.5,-0.7156,-0.4292,44.0,59.0,0.00845,True
39,0.0000,1084.5,580.5,0.6945,0.6125,39.0,69.0,0.00876,True
40,0.0000,1084.0,580.0,0.6937,0.6111,40.0,70.0,0.00911,True
41,0.0000,1084.5,580.0,0.6945,0.6111,39.0,70.0,0.00889,True
42,0.0000,1084.5,580.5,0.6945,0.6125,39.0,69.0,0.00876,True
42,0.0000,186.0,208.5,-0.7094,-0.4208,36.0,53.0,0.00621,True
43,0.0000,1084.0,580.5,0.6937,0.6125,40.0,69.0,0.00898,True
44,0.0000,1084.0,580.5,0.6937,0.6125,40.0,69.0,0.00898,True
45,0.0000,1084.5,580.0,0.6945,0.6111,39.0,70.0,0.00889,True
46,0.0000,1084.5,580.5,0.6945,0.6125,39.0,69.0,0.00876,True
47,0.0000,1084.5,580.5,0.6945,0.6125,39.0,69.0,0.00876,True
48,0.0000,1084.5,579.5,0.6945,0.6097,39.0,69.0,0.00876,True
49,0.0000,1084.5,579.5,0.6945,0.6097,39.0,69.0,0.00876,True
50,0.0000,1084.5,579.5,0.6945,0.6097,39.0,69.0,0.00876,True
51,0.0000,1084.5,579.5,0.6945,0.6097,39.0,69.0,0.00876,True
52,0.0000,1084.5,579.5,0.6945,0.6097,39.0,69.0,0.00876,True
53,0.0000,1084.5,579.5,0.6945,0.6097,39.0,69.0,0.00876,True
53,0.0000,186.5,204.5,-0.7086,-0.4319,37.0,59.0,0.00711,True
54,0.0000,1084.5,579.5,0.6945,0.6097,39.0,69.0,0.00876,True
54,0.0000,187.0,207.5,-0.7078,-0.4236,34.0,53.0,0.00587,True
55,0.0000,1084.5,579.5,0.6945,0.6097,39.0,69.0,0.00876,True
55,0.0000,184.5,206.0,-0.7117,-0.4278,39.0,56.0,0.00711,True
56,0.0000,1084.5,579.5,0.6945,0.6097,39.0,69.0,0.00876,True
56,0.0000,187.5,205.5,-0.7070,-0.4292,35.0,55.0,0.00627,True
57,0.0000,1084.5,579.5,0.6945,0.6097,39.0,69.0,0.00876,True
58,0.0000,1084.5,579.5,0.6945,0.6097,39.0,69.0,0.00876,True
58,0.0000,184.5,203.0,-0.7117,-0.4361,41.0,60.0,0.00801,True
59,0.0000,1085.0,579.5,0.6953,0.6097,40.0,69.0,0.00898,True
59,0.0000,180.5,201.5,-0.7180,-0.4403,49.0,63.0,0.01005,True
60,0.0000,1085.0,579.5,0.6953,0.6097,40.0,69.0,0.00898,True
60,0.0000,184.0,203.0,-0.7125,-0.4361,44.0,60.0,0.00859,True
61,0.0000,1085.5,579.5,0.6961,0.6097,39.0,69.0,0.00876,True
61,0.0000,176.0,201.0,-0.7250,-0.4417,60.0,64.0,0.01250,True
62,0.0000,1085.5,579.5,0.6961,0.6097,39.0,69.0,0.00876,True
62,0.0000,182.0,202.0,-0.7156,-0.4389,48.0,62.0,0.00969,True
63,0.0000,1085.5,579.5,0.6961,0.6097,39.0,69.0,0.00876,True
63,0.0000,175.5,200.5,-0.7258,-0.4431,61.0,65.0,0.01291,True
64,0.0000,1086.0,579.5,0.6969,0.6097,40.0,69.0,0.00898,True
64,0.0000,179.0,202.0,-0.7203,-0.4389,56.0,62.0,0.01130,True
65,0.0000,1086.0,579.5,0.6969,0.6097,40.0,69.0,0.00898,True
65,0.0000,178.0,202.5,-0.7219,-0.4375,56.0,63.0,0.01148,True
66,0.0000,1086.5,579.5,0.6977,0.6097,39.0,69.0,0.00876,True
66,0.0000,176.5,201.0,-0.7242,-0.4417,61.0,66.0,0.01311,True
67,0.0000,1086.5,580.0,0.6977,0.6111,39.0,68.0,0.00863,True
67,0.0000,177.5,201.0,-0.7227,-0.4417,59.0,66.0,0.01268,True
68,0.0000,1086.5,580.5,0.6977,0.6125,39.0,69.0,0.00876,True
68,0.0000,176.0,200.0,-0.7250,-0.4444,62.0,68.0,0.01372,True
69,0.0000,1086.5,580.5,0.6977,0.6125,39.0,69.0,0.00876,True
69,0.0000,179.0,200.5,-0.7203,-0.4431,58.0,67.0,0.01265,True
70,0.0000,1087.0,580.5,0.6984,0.6125,40.0,69.0,0.00898,True
71,0.0000,1087.0,581.0,0.6984,0.6139,40.0,68.0,0.00885,True
72,0.0000,1087.5,581.0,0.6992,0.6139,39.0,68.0,0.00863,True
73,0.0000,1088.0,581.0,0.7000,0.6139,40.0,68.0,0.00885,True
73,0.0000,177.5,201.0,-0.7227,-0.4417,63.0,66.0,0.01354,True
74,0.0000,1088.0,581.5,0.7000,0.6153,40.0,69.0,0.00898,True
75,0.0000,1088.0,581.5,0.7000,0.6153,40.0,69.0,0.00898,True
76,0.0000,1088.0,581.5,0.7000,0.6153,40.0,67.0,0.00872,True
77,0.0000,1088.5,581.5,0.7008,0.6153,39.0,69.0,0.00876,True
78,0.0000,1088.0,581.5,0.7000,0.6153,40.0,69.0,0.00898,True
79,0.0000,1088.0,581.5,0.7000,0.6153,40.0,69.0,0.00898,True
80,0.0000,1088.5,581.5,0.7008,0.6153,39.0,69.0,0.00876,True
81,0.0000,1089.0,581.5,0.7016,0.6153,40.0,69.0,0.00898,True
82,0.0000,1089.0,581.5,0.7016,0.6153,40.0,69.0,0.00898,True
83,0.0000,1089.0,581.5,0.7016,0.6153,40.0,69.0,0.00898,True
84,0.0000,1089.0,581.5,0.7016,0.6153,40.0,69.0,0.00898,True
85,0.0000,1089.0,581.5,0.7016,0.6153,40.0,69.0,0.00898,True
85,0.0000,180.0,201.0,-0.7188,-0.4417,60.0,66.0,0.01289,True
86,0.0000,1089.0,581.5,0.7016,0.6153,40.0,69.0,0.00898,True
87,0.0000,1089.0,581.0,0.7016,0.6139,40.0,68.0,0.00885,True
88,0.0000,1089.5,581.5,0.7023,0.6153,39.0,69.0,0.00876,True
88,0.0000,182.5,202.0,-0.7148,-0.4389,55.0,64.0,0.01146,True
89,0.0000,1089.5,581.0,0.7023,0.6139,39.0,68.0,0.00863,True
90,0.0000,1089.5,581.0,0.7023,0.6139,39.0,68.0,0.00863,True
91,0.0000,1089.5,581.0,0.7023,0.6139,41.0,68.0,0.00908,True
92,0.0000,1089.5,581.5,0.7023,0.6153,39.0,69.0,0.00876,True
93,0.0000,1089.5,581.0,0.7023,0.6139,39.0,68.0,0.00863,True
94,0.0000,1090.0,581.5,0.7031,0.6153,40.0,69.0,0.00898,True
95,0.0000,1090.0,581.5,0.7031,0.6153,40.0,69.0,0.00898,True
96,0.0000,1090.0,581.5,0.7031,0.6153,40.0,69.0,0.00898,True
97,0.0000,1090.0,581.5,0.7031,0.6153,40.0,69.0,0.00898,True
98,0.0000,1090.0,581.5,0.7031,0.6153,40.0,69.0,0.00898,True
99,0.0000,1090.0,581.5,0.7031,0.6153,40.0,69.0,0.00898,True
100,0.0000,1090.0,581.5,0.7031,0.6153,40.0,69.0,0.00898,True
101,0.0000,1090.0,581.5,0.7031,0.6153,40.0,69.0,0.00898,True
101,0.0000,182.5,201.0,-0.7148,-0.4417,57.0,64.0,0.01188,True
102,0.0000,1090.0,581.5,0.7031,0.6153,40.0,69.0,0.00898,True
103,0.0000,1090.0,581.5,0.7031,0.6153,40.0,69.0,0.00898,True
104,0.0000,1090.0,581.5,0.7031,0.6153,40.0,69.0,0.00898,True
105,0.0000,1090.0,581.5,0.7031,0.6153,40.0,69.0,0.00898,True
106,0.0000,1090.0,581.5,0.7031,0.6153,40.0,69.0,0.00898,True
107,0.0000,1090.0,581.5,0.7031,0.6153,40.0,69.0,0.00898,True
108,0.0000,1090.0,581.5,0.7031,0.6153,40.0,69.0,0.00898,True
109,0.0000,1090.0,581.5,0.7031,0.6153,40.0,69.0,0.00898,True
110,0.0000,1090.0,581.0,0.7031,0.6139,40.0,70.0,0.00911,True
111,0.0000,1090.5,580.5,0.7039,0.6125,39.0,69.0,0.00876,True
112,0.0000,1090.0,580.5,0.7031,0.6125,40.0,69.0,0.00898,True
113,0.0000,1090.0,580.5,0.7031,0.6125,40.0,69.0,0.00898,True
114,0.0000,1090.0,581.0,0.7031,0.6139,40.0,70.0,0.00911,True
114,0.0000,183.5,201.0,-0.7133,-0.4417,57.0,64.0,0.01188,True
115,0.0000,1090.5,580.5,0.7039,0.6125,39.0,69.0,0.00876,True
116,0.0000,1090.5,580.5,0.7039,0.6125,39.0,69.0,0.00876,True
117,0.0000,1090.5,580.5,0.7039,0.6125,39.0,69.0,0.00876,True
118,0.0000,1090.0,580.5,0.7031,0.6125,40.0,69.0,0.00898,True
119,0.0000,1090.5,580.5,0.7039,0.6125,39.0,69.0,0.00876,True
120,0.0000,1090.5,580.5,0.7039,0.6125,39.0,69.0,0.00876,True
120,0.0000,184.0,201.5,-0.7125,-0.4403,56.0,63.0,0.01148,True
121,0.0000,1090.5,580.5,0.7039,0.6125,39.0,69.0,0.00876,True
122,0.0000,1090.5,580.5,0.7039,0.6125,39.0,69.0,0.00876,True
123,0.0000,1091.0,580.5,0.7047,0.6125,40.0,69.0,0.00898,True
124,0.0000,1091.0,580.5,0.7047,0.6125,40.0,69.0,0.00898,True
125,0.0000,1091.0,580.5,0.7047,0.6125,40.0,69.0,0.00898,True
126,0.0000,1091.0,580.5,0.7047,0.6125,40.0,69.0,0.00898,True
127,0.0000,1091.0,581.0,0.7047,0.6139,40.0,68.0,0.00885,True
127,0.0000,184.0,201.5,-0.7125,-0.4403,56.0,63.0,0.01148,True
128,0.0000,1091.0,580.5,0.7047,0.6125,40.0,69.0,0.00898,True
129,0.0000,1091.0,581.0,0.7047,0.6139,40.0,70.0,0.00911,True
130,0.0000,1091.5,581.0,0.7055,0.6139,39.0,68.0,0.00863,True
131,0.0000,1091.0,581.5,0.7047,0.6153,40.0,69.0,0.00898,True
132,0.0000,1092.0,581.5,0.7063,0.6153,40.0,69.0,0.00898,True
132,0.0000,184.0,202.5,-0.7125,-0.4375,58.0,63.0,0.01189,True
133,0.0000,1092.0,581.5,0.7063,0.6153,40.0,69.0,0.00898,True
133,0.0000,184.0,201.5,-0.7125,-0.4403,58.0,63.0,0.01189,True
134,0.0000,1092.0,582.0,0.7063,0.6167,40.0,68.0,0.00885,True
135,0.0000,1092.5,582.0,0.7070,0.6167,39.0,68.0,0.00863,True
135,0.0000,183.0,202.0,-0.7141,-0.4389,60.0,64.0,0.01250,True
136,0.0000,1092.5,582.0,0.7070,0.6167,39.0,68.0,0.00863,True
136,0.0000,184.5,200.0,-0.7117,-0.4444,57.0,68.0,0.01262,True
137,0.0000,1092.5,582.0,0.7070,0.6167,39.0,68.0,0.00863,True
138,0.0000,1092.5,582.5,0.7070,0.6181,39.0,69.0,0.00876,True
139,0.0000,1092.5,582.5,0.7070,0.6181,39.0,69.0,0.00876,True
139,0.0000,186.0,203.0,-0.7094,-0.4361,54.0,62.0,0.01090,True
140,0.0000,1093.0,582.5,0.7078,0.6181,40.0,69.0,0.00898,True
140,0.0000,185.0,202.5,-0.7109,-0.4375,58.0,63.0,0.01189,True
141,0.0000,1093.0,582.5,0.7078,0.6181,40.0,69.0,0.00898,True
141,0.0000,185.5,202.5,-0.7102,-0.4375,57.0,63.0,0.01169,True
142,0.0000,1093.5,582.5,0.7086,0.6181,39.0,69.0,0.00876,True
142,0.0000,186.5,202.5,-0.7086,-0.4375,55.0,63.0,0.01128,True
143,0.0000,1093.5,582.5,0.7086,0.6181,39.0,69.0,0.00876,True
144,0.0000,1093.5,582.5,0.7086,0.6181,39.0,69.0,0.00876,True
145,0.0000,1093.5,582.5,0.7086,0.6181,39.0,69.0,0.00876,True
145,0.0000,185.5,203.0,-0.7102,-0.4361,57.0,62.0,0.01150,True
146,0.0000,1093.5,582.0,0.7086,0.6167,39.0,68.0,0.00863,True
147,0.0000,1093.5,582.5,0.7086,0.6181,39.0,69.0,0.00876,True
147,0.0000,187.0,202.0,-0.7078,-0.4389,54.0,64.0,0.01125,True
148,0.0000,1093.5,582.5,0.7086,0.6181,39.0,69.0,0.00876,True
149,0.0000,1093.5,582.5,0.7086,0.6181,39.0,69.0,0.00876,True
149,0.0000,189.0,203.0,-0.7047,-0.4361,50.0,62.0,0.01009,True
150,0.0000,1093.5,582.0,0.7086,0.6167,39.0,68.0,0.00863,True
150,0.0000,188.5,203.0,-0.7055,-0.4361,51.0,62.0,0.01029,True
151,0.0000,1093.5,582.0,0.7086,0.6167,39.0,68.0,0.00863,True
152,0.0000,1094.0,582.0,0.7094,0.6167,38.0,68.0,0.00841,True
152,0.0000,190.5,201.5,-0.7023,-0.4403,47.0,63.0,0.00964,True
153,0.0000,1094.0,581.5,0.7094,0.6153,38.0,69.0,0.00854,True
154,0.0000,1094.5,581.5,0.7102,0.6153,39.0,69.0,0.00876,True
154,0.0000,189.0,201.5,-0.7047,-0.4403,50.0,63.0,0.01025,True
155,0.0000,1094.5,581.5,0.7102,0.6153,39.0,69.0,0.00876,True
155,0.0000,189.5,202.0,-0.7039,-0.4389,49.0,62.0,0.00989,True
156,0.0000,1094.0,581.5,0.7094,0.6153,38.0,69.0,0.00854,True
156,0.0000,187.5,200.0,-0.7070,-0.4444,53.0,66.0,0.01139,True
157,0.0000,1094.5,581.5,0.7102,0.6153,39.0,69.0,0.00876,True
158,0.0000,1094.5,581.5,0.7102,0.6153,39.0,69.0,0.00876,True
159,0.0000,1094.5,581.5,0.7102,0.6153,39.0,69.0,0.00876,True
159,0.0000,190.0,201.0,-0.7031,-0.4417,50.0,64.0,0.01042,True
160,0.0000,1094.5,581.5,0.7102,0.6153,39.0,69.0,0.00876,True
161,0.0000,1089.0,580.5,0.7016,0.6125,40.0,69.0,0.00898,True
161,0.0000,183.0,201.0,-0.7141,-0.4417,54.0,64.0,0.01125,True
162,0.0000,1077.5,580.5,0.6836,0.6125,39.0,69.0,0.00876,True
163,0.0000,1062.0,579.0,0.6594,0.6083,38.0,68.0,0.00841,True
164,0.0000,1044.5,578.0,0.6320,0.6056,37.0,66.0,0.00795,True
165,0.0000,1025.0,577.0,0.6016,0.6028,38.0,68.0,0.00841,True
166,0.0000,1005.5,575.0,0.5711,0.5972,37.0,66.0,0.00795,True
167,0.0000,986.0,571.5,0.5406,0.5875,36.0,67.0,0.00785,True
168,0.0000,966.5,571.5,0.5102,0.5875,35.0,65.0,0.00741,True
169,0.0000,946.0,571.0,0.4781,0.5861,34.0,64.0,0.00708,True
170,0.0000,918.0,564.5,0.4344,0.5681,34.0,65.0,0.00719,True
171,0.0000,900.5,561.5,0.4070,0.5597,33.0,65.0,0.00698,True
172,0.0000,883.5,560.5,0.3805,0.5569,33.0,65.0,0.00698,True
173,0.0000,859.0,549.0,0.3422,0.5250,32.0,64.0,0.00667,True
174,0.0000,830.0,539.0,0.2969,0.4972,30.0,64.0,0.00625,True
175,0.0000,816.0,533.5,0.2750,0.4819,30.0,63.0,0.00615,True
176,0.0000,796.5,530.5,0.2445,0.4736,29.0,63.0,0.00595,True
177,0.0000,778.0,527.0,0.2156,0.4639,28.0,64.0,0.00583,True
178,0.0000,766.5,526.0,0.1977,0.4611,27.0,64.0,0.00563,True
179,0.0000,750.0,524.5,0.1719,0.4569,26.0,65.0,0.00550,True
180,0.0000,739.0,524.5,0.1547,0.4569,26.0,65.0,0.00550,True
181,0.0000,723.0,525.5,0.1297,0.4597,26.0,65.0,0.00550,True
182,0.0000,712.0,526.0,0.1125,0.4611,26.0,66.0,0.00559,True
183,0.0000,702.0,527.5,0.0969,0.4653,26.0,67.0,0.00567,True
184,0.0000,691.0,527.0,0.0797,0.4639,26.0,66.0,0.00559,True
185,0.0000,680.5,528.0,0.0633,0.4667,25.0,66.0,0.00537,True
186,0.0000,659.5,529.0,0.0305,0.4694,27.0,68.0,0.00598,True
187,0.0000,649.5,529.0,0.0148,0.4694,27.0,68.0,0.00598,True
188,0.0000,640.0,529.5,0.0000,0.4708,28.0,69.0,0.00629,True
189,0.0000,635.0,529.5,-0.0078,0.4708,28.0,69.0,0.00629,True
190,0.0000,626.0,529.5,-0.0219,0.4708,28.0,69.0,0.00629,True
191,0.0000,617.5,528.5,-0.0352,0.4681,29.0,69.0,0.00651,True
192,0.0000,613.5,527.5,-0.0414,0.4653,29.0,69.0,0.00651,True
193,0.0000,604.0,528.0,-0.0563,0.4667,30.0,70.0,0.00684,True
194,0.0000,596.0,527.0,-0.0688,0.4639,30.0,70.0,0.00684,True
195,0.0000,587.5,527.5,-0.0820,0.4653,29.0,71.0,0.00670,True
196,0.0000,580.0,525.5,-0.0938,0.4597,30.0,71.0,0.00693,True
197,0.0000,572.5,530.0,-0.1055,0.4722,31.0,72.0,0.00727,True
198,0.0000,562.0,532.0,-0.1219,0.4778,30.0,74.0,0.00723,True
199,0.0000,556.5,536.0,-0.1305,0.4889,31.0,74.0,0.00747,True
200,0.0000,552.0,537.0,-0.1375,0.4917,30.0,74.0,0.00723,True
201,0.0000,546.0,538.5,-0.1469,0.4958,30.0,75.0,0.00732,True
202,0.0000,544.5,542.5,-0.1492,0.5069,31.0,77.0,0.00777,True
203,0.0000,542.0,541.0,-0.1531,0.5028,32.0,76.0,0.00792,True
204,0.0000,541.0,540.5,-0.1547,0.5014,32.0,77.0,0.00802,True
205,0.0000,540.0,544.0,-0.1562,0.5111,32.0,78.0,0.00813,True
206,0.0000,540.0,543.5,-0.1562,0.5097,32.0,77.0,0.00802,True
207,0.0000,540.5,545.0,-0.1555,0.5139,31.0,78.0,0.00787,True
208,0.0000,542.0,545.5,-0.1531,0.5153,32.0,79.0,0.00823,True
209,0.0000,544.5,546.5,-0.1492,0.5181,33.0,79.0,0.00849,True
210,0.0000,546.5,546.0,-0.1461,0.5167,33.0,80.0,0.00859,True
211,0.0000,548.5,549.5,-0.1430,0.5264,33.0,81.0,0.00870,True
212,0.0000,548.5,549.5,-0.1430,0.5264,33.0,81.0,0.00870,True
213,0.0000,551.5,551.5,-0.1383,0.5319,33.0,81.0,0.00870,True
214,0.0000,554.5,552.0,-0.1336,0.5333,33.0,82.0,0.00881,True
215,0.0000,556.5,552.0,-0.1305,0.5333,33.0,82.0,0.00881,True
216,0.0000,561.0,553.0,-0.1234,0.5361,34.0,82.0,0.00908,True
217,0.0000,569.0,557.5,-0.1109,0.5486,34.0,83.0,0.00919,True
218,0.0000,572.5,558.0,-0.1055,0.5500,35.0,84.0,0.00957,True
219,0.0000,576.5,561.0,-0.0992,0.5583,35.0,86.0,0.00980,True
220,0.0000,580.5,563.0,-0.0930,0.5639,35.0,86.0,0.00980,True
221,0.0000,584.5,563.5,-0.0867,0.5653,35.0,87.0,0.00991,True
222,0.0000,588.5,563.5,-0.0805,0.5653,35.0,87.0,0.00991,True
223,0.0000,593.0,564.0,-0.0734,0.5667,36.0,88.0,0.01031,True
224,0.0000,597.0,567.5,-0.0672,0.5764,36.0,89.0,0.01043,True
225,0.0000,602.0,570.0,-0.0594,0.5833,36.0,90.0,0.01055,True
226,0.0000,608.5,571.0,-0.0492,0.5861,35.0,92.0,0.01048,True
227,0.0000,615.5,574.5,-0.0383,0.5958,37.0,91.0,0.01096,True
228,0.0000,619.5,576.0,-0.0320,0.6000,37.0,92.0,0.01108,True
229,0.0000,623.5,578.0,-0.0258,0.6056,37.0,94.0,0.01132,True
230,0.0000,630.0,583.5,-0.0156,0.6208,38.0,95.0,0.01175,True
231,0.0000,633.0,587.0,-0.0109,0.6306,38.0,98.0,0.01212,True
232,0.0000,635.5,590.5,-0.0070,0.6403,37.0,99.0,0.01192,True
233,0.0000,637.0,593.0,-0.0047,0.6472,38.0,98.0,0.01212,True
234,0.0000,640.5,599.0,0.0008,0.6639,39.0,100.0,0.01270,True
235,0.0000,642.0,606.5,0.0031,0.6847,38.0,101.0,0.01249,True
236,0.0000,642.5,608.5,0.0039,0.6903,39.0,103.0,0.01308,True
237,0.0000,643.5,611.0,0.0055,0.6972,39.0,104.0,0.01320,True
238,0.0000,644.0,609.5,0.0063,0.6931,40.0,105.0,0.01367,True
239,0.0000,644.0,614.5,0.0063,0.7069,40.0,105.0,0.01367,True
240,0.0000,644.5,616.0,0.0070,0.7111,41.0,106.0,0.01415,True
241,0.0000,644.5,621.5,0.0070,0.7264,41.0,109.0,0.01455,True
242,0.0000,646.5,619.0,0.0102,0.7194,41.0,108.0,0.01441,True
243,0.0000,647.5,620.5,0.0117,0.7236,41.0,111.0,0.01481,True
244,0.0000,651.0,625.5,0.0172,0.7375,44.0,113.0,0.01618,True
245,0.0000,655.0,624.5,0.0234,0.7347,44.0,115.0,0.01647,True
246,0.0000,658.5,628.5,0.0289,0.7458,45.0,117.0,0.01714,True
247,0.0000,663.0,629.0,0.0359,0.7472,46.0,118.0,0.01767,True
248,0.0000,666.5,633.0,0.0414,0.7583,47.0,120.0,0.01836,True
249,0.0000,669.5,637.5,0.0461,0.7708,47.0,121.0,0.01851,True
250,0.0000,673.0,642.0,0.0516,0.7833,48.0,124.0,0.01937,True
251,0.0000,675.5,645.5,0.0555,0.7931,49.0,127.0,0.02026,True
252,0.0000,677.0,645.5,0.0578,0.7931,48.0,127.0,0.01984,True
253,0.0000,679.0,647.5,0.0609,0.7986,50.0,129.0,0.02100,True
254,0.0000,681.0,645.5,0.0641,0.7931,50.0,131.0,0.02132,True
255,0.0000,682.0,645.0,0.0656,0.7917,50.0,130.0,0.02116,True
256,0.0000,683.0,642.0,0.0672,0.7833,50.0,134.0,0.02181,True
257,0.0000,683.5,642.5,0.0680,0.7847,51.0,135.0,0.02241,True
258,0.0000,682.0,645.0,0.0656,0.7917,52.0,138.0,0.02336,True
259,0.0000,679.5,645.0,0.0617,0.7917,53.0,142.0,0.02450,True
260,0.0000,677.0,645.5,0.0578,0.7931,54.0,143.0,0.02514,True
261,0.0000,674.5,646.0,0.0539,0.7944,55.0,148.0,0.02650,True
262,0.0000,671.5,643.5,0.0492,0.7875,57.0,149.0,0.02765,True
263,0.0000,670.0,644.0,0.0469,0.7889,58.0,148.0,0.02794,True
264,0.0000,666.0,643.0,0.0406,0.7861,58.0,150.0,0.02832,True
265,0.0000,662.5,644.0,0.0352,0.7889,59.0,152.0,0.02919,True
266,0.0000,659.5,644.0,0.0305,0.7889,63.0,152.0,0.03117,True
267,0.0000,655.5,641.5,0.0242,0.7819,65.0,157.0,0.03322,True
268,0.0000,653.0,641.0,0.0203,0.7806,64.0,158.0,0.03292,True
269,0.0000,649.0,641.0,0.0141,0.7806,66.0,158.0,0.03395,True
270,0.0000,645.5,640.5,0.0086,0.7792,71.0,159.0,0.03675,True
271,0.0000,636.5,639.0,-0.0055,0.7750,71.0,162.0,0.03744,True
272,0.0000,629.0,637.0,-0.0172,0.7694,76.0,166.0,0.04107,True
273,0.0000,624.5,636.0,-0.0242,0.7667,79.0,168.0,0.04320,True
274,0.0000,621.5,635.0,-0.0289,0.7639,79.0,170.0,0.04372,True
275,0.0000,615.5,633.5,-0.0383,0.7597,81.0,173.0,0.04562,True
276,0.0000,612.5,633.0,-0.0430,0.7583,83.0,174.0,0.04701,True
277,0.0000,603.5,629.5,-0.0570,0.7486,87.0,181.0,0.05126,True
278,0.0000,594.5,628.5,-0.0711,0.7458,87.0,183.0,0.05183,True
279,0.0000,587.5,626.5,-0.0820,0.7403,91.0,187.0,0.05539,True
280,0.0000,580.0,624.0,-0.0938,0.7333,92.0,192.0,0.05750,True
281,0.0000,572.5,622.5,-0.1055,0.7292,95.0,195.0,0.06030,True
282,0.0000,563.0,620.0,-0.1203,0.7222,98.0,200.0,0.06380,True
283,0.0000,556.5,620.0,-0.1305,0.7222,101.0,200.0,0.06576,True
284,0.0000,552.5,618.0,-0.1367,0.7167,103.0,204.0,0.06840,True
285,0.0000,552.5,618.0,-0.1367,0.7167,103.0,204.0,0.06840,True
286,0.0000,549.5,616.0,-0.1414,0.7111,107.0,208.0,0.07245,True
287,0.0000,544.0,616.0,-0.1500,0.7111,114.0,208.0,0.07719,True
288,0.0000,543.0,614.5,-0.1516,0.7069,116.0,211.0,0.07967,True
289,0.0000,542.0,612.5,-0.1531,0.7014,120.0,215.0,0.08398,True
290,0.0000,542.0,611.5,-0.1531,0.6986,124.0,217.0,0.08759,True
291,0.0000,543.0,612.5,-0.1516,0.7014,130.0,215.0,0.09098,True
292,0.0000,544.5,608.0,-0.1492,0.6889,137.0,224.0,0.09990,True
293,0.0000,547.0,607.0,-0.1453,0.6861,144.0,226.0,0.10594,True
294,0.0000,550.0,605.5,-0.1406,0.6819,150.0,229.0,0.11182,True
295,0.0000,552.5,604.0,-0.1367,0.6778,157.0,232.0,0.11857,True
296,0.0000,556.0,602.5,-0.1313,0.6736,166.0,235.0,0.12699,True
297,0.0000,559.5,599.0,-0.1258,0.6639,175.0,242.0,0.13786,True
298,0.0000,563.0,596.5,-0.1203,0.6569,186.0,247.0,0.14955,True
299,0.0000,565.0,592.5,-0.1172,0.6458,198.0,255.0,0.16436,True
300,0.0000,568.0,588.0,-0.1125,0.6333,226.0,264.0,0.19422,True
301,0.0000,568.0,583.0,-0.1125,0.6194,246.0,274.0,0.21941,True
302,0.0000,567.5,579.5,-0.1133,0.6097,269.0,281.0,0.24606,True
303,0.0000,566.5,574.0,-0.1148,0.5944,295.0,292.0,0.28040,True
304,0.0000,547.5,566.0,-0.1445,0.5722,317.0,308.0,0.31783,True
305,0.0000,504.5,548.5,-0.2117,0.5236,345.0,343.0,0.38521,True
306,0.0000,463.5,533.0,-0.2758,0.4806,385.0,374.0,0.46872,True
307,0.0000,452.5,515.0,-0.2930,0.4306,411.0,410.0,0.54854,True
308,0.0000,441.5,480.0,-0.3102,0.3333,427.0,480.0,0.66719,True
309,0.0000,449.0,456.5,-0.2984,0.2681,436.0,523.0,0.74228,True
310,0.0000,455.0,427.5,-0.2891,0.1875,446.0,585.0,0.84932,True
311,0.0000,473.0,443.5,-0.2609,0.2319,424.0,553.0,0.76326,True
312,0.0000,504.5,459.0,-0.2117,0.2750,403.0,522.0,0.68479,True
313,0.0000,548.5,468.5,-0.1430,0.3014,387.0,499.0,0.62862,True
314,0.0000,559.5,471.0,-0.1258,0.3083,375.0,498.0,0.60791,True
315,0.0000,556.5,470.5,-0.1305,0.3069,363.0,495.0,0.58491,True
316,0.0000,549.5,475.0,-0.1414,0.3194,351.0,486.0,0.55529,True
317,0.0000,533.5,475.5,-0.1664,0.3208,343.0,485.0,0.54152,True
318,0.0000,527.5,475.5,-0.1758,0.3208,333.0,485.0,0.52573,True
319,0.0000,526.5,475.0,-0.1773,0.3194,329.0,486.0,0.52049,True
320,0.0000,529.0,475.0,-0.1734,0.3194,320.0,486.0,0.50625,True
321,0.0000,540.5,473.5,-0.1555,0.3153,315.0,489.0,0.50142,True
322,0.0000,553.5,473.5,-0.1352,0.3153,315.0,493.0,0.50552,True
323,0.0000,570.5,469.5,-0.1086,0.3042,319.0,501.0,0.52024,True
324,0.0000,583.0,465.5,-0.0891,0.2931,322.0,505.0,0.52933,True
325,0.0000,592.5,466.0,-0.0742,0.2944,329.0,504.0,0.53977,True
326,0.0000,599.5,465.0,-0.0633,0.2917,337.0,510.0,0.55947,True
327,0.0000,601.0,464.0,-0.0609,0.2889,356.0,512.0,0.59333,True
328,0.0000,600.0,461.5,-0.0625,0.2819,362.0,517.0,0.60923,True
329,0.0000,600.0,461.5,-0.0625,0.2819,362.0,517.0,0.60923,True
330,0.0000,569.0,459.0,-0.1109,0.2750,380.0,522.0,0.64570,True
331,0.0000,539.0,457.5,-0.1578,0.2708,396.0,525.0,0.67676,True
332,0.0000,505.0,457.0,-0.2109,0.2694,412.0,526.0,0.70544,True
333,0.0000,480.5,455.0,-0.2492,0.2639,421.0,530.0,0.72633,True
334,0.0000,454.0,455.5,-0.2906,0.2653,442.0,529.0,0.76113,True
335,0.0000,435.5,456.0,-0.3195,0.2667,461.0,528.0,0.79234,True
336,0.0000,414.5,456.5,-0.3523,0.2681,491.0,527.0,0.84231,True
337,0.0000,397.0,459.0,-0.3797,0.2750,516.0,522.0,0.87680,True
338,0.0000,384.0,464.0,-0.4000,0.2889,550.0,512.0,0.91667,True
339,0.0000,372.0,465.5,-0.4188,0.2931,562.0,509.0,0.93118,True
340,0.0000,371.0,466.0,-0.4203,0.2944,586.0,508.0,0.96904,True
341,0.0000,377.5,467.0,-0.4102,0.2972,577.0,506.0,0.95040,True
342,0.0000,377.5,467.0,-0.4102,0.2972,577.0,506.0,0.95040,True
343,0.0000,416.0,473.0,-0.3500,0.3139,518.0,494.0,0.83298,True
344,0.0000,433.5,474.5,-0.3227,0.3181,491.0,487.0,0.77838,True
345,0.0000,454.0,475.0,-0.2906,0.3194,468.0,486.0,0.74039,True
346,0.0000,469.0,475.5,-0.2672,0.3208,454.0,485.0,0.71676,True
347,0.0000,481.5,478.5,-0.2477,0.3292,443.0,483.0,0.69651,True
348,0.0000,486.0,479.0,-0.2406,0.3306,438.0,482.0,0.68723,True
349,0.0000,492.5,480.5,-0.2305,0.3347,433.0,475.0,0.66951,True
350,0.0000,501.5,483.0,-0.2164,0.3417,429.0,470.0,0.65635,True
351,0.0000,515.0,484.5,-0.1953,0.3458,424.0,467.0,0.64456,True
352,0.0000,526.0,482.0,-0.1781,0.3389,420.0,472.0,0.64531,True
353,0.0000,528.5,482.0,-0.1742,0.3389,413.0,472.0,0.63456,True
354,0.0000,523.0,482.5,-0.1828,0.3403,408.0,471.0,0.62555,True
355,0.0000,518.5,483.0,-0.1898,0.3417,407.0,474.0,0.62799,True
356,0.0000,513.0,483.5,-0.1984,0.3431,410.0,473.0,0.63128,True
357,0.0000,510.5,483.5,-0.2023,0.3431,419.0,469.0,0.63968,True
358,0.0000,516.0,481.0,-0.1938,0.3361,428.0,474.0,0.66039,True
359,0.0000,511.0,480.5,-0.2016,0.3347,432.0,475.0,0.66797,True
360,0.0000,505.5,478.5,-0.2102,0.3292,433.0,479.0,0.67515,True
361,0.0000,493.0,478.0,-0.2297,0.3278,434.0,480.0,0.67812,True
362,0.0000,483.0,477.5,-0.2453,0.3264,440.0,485.0,0.69466,True
363,0.0000,477.5,475.0,-0.2539,0.3194,449.0,490.0,0.71618,True
364,0.0000,479.0,471.5,-0.2516,0.3097,456.0,497.0,0.73773,True
365,0.0000,477.5,466.5,-0.2539,0.2958,463.0,507.0,0.76413,True
366,0.0000,470.5,463.5,-0.2648,0.2875,467.0,513.0,0.77985,True
367,0.0000,462.0,459.5,-0.2781,0.2764,470.0,521.0,0.79710,True
368,0.0000,452.0,457.0,-0.2938,0.2694,480.0,526.0,0.82188,True
369,0.0000,440.0,454.5,-0.3125,0.2625,488.0,531.0,0.84352,True
370,0.0000,433.5,452.5,-0.3227,0.2569,489.0,535.0,0.85161,True
371,0.0000,426.0,451.0,-0.3344,0.2528,496.0,538.0,0.86865,True
372,0.0000,422.0,446.5,-0.3406,0.2403,502.0,547.0,0.89386,True
373,0.0000,420.5,448.5,-0.3430,0.2458,503.0,543.0,0.88909,True
374,0.0000,424.5,448.0,-0.3367,0.2444,499.0,544.0,0.88365,True
375,0.0000,434.0,447.0,-0.3219,0.2417,492.0,546.0,0.87445,True
376,0.0000,438.5,448.0,-0.3148,0.2444,489.0,544.0,0.86594,True
377,0.0000,447.0,447.0,-0.3016,0.2417,486.0,546.0,0.86379,True
378,0.0000,454.0,446.5,-0.2906,0.2403,486.0,547.0,0.86537,True
379,0.0000,457.5,446.5,-0.2852,0.2403,483.0,547.0,0.86003,True
380,0.0000,462.5,447.5,-0.2773,0.2431,479.0,545.0,0.84979,True
381,0.0000,463.5,448.0,-0.2758,0.2444,477.0,544.0,0.84469,True
382,0.0000,465.5,449.0,-0.2727,0.2472,479.0,542.0,0.84511,True
383,0.0000,467.0,447.5,-0.2703,0.2431,480.0,545.0,0.85156,True
384,0.0000,470.0,448.0,-0.2656,0.2444,480.0,544.0,0.85000,True
385,0.0000,471.5,448.5,-0.2633,0.2458,479.0,543.0,0.84667,True
386,0.0000,474.0,447.5,-0.2594,0.2431,476.0,545.0,0.84447,True
387,0.0000,483.0,445.5,-0.2453,0.2375,468.0,549.0,0.83637,True
388,0.0000,487.0,446.5,-0.2391,0.2403,468.0,547.0,0.83332,True
389,0.0000,495.5,447.0,-0.2258,0.2417,463.0,546.0,0.82291,True
390,0.0000,501.5,445.0,-0.2164,0.2361,463.0,550.0,0.82894,True
391,0.0000,506.5,444.0,-0.2086,0.2333,461.0,552.0,0.82836,True
392,0.0000,507.5,444.0,-0.2070,0.2333,461.0,552.0,0.82836,True
393,0.0000,506.0,444.0,-0.2094,0.2333,466.0,552.0,0.83734,True
394,0.0000,503.5,445.0,-0.2133,0.2361,471.0,550.0,0.84326,True
395,0.0000,500.0,446.0,-0.2188,0.2389,476.0,548.0,0.84911,True
396,0.0000,495.0,448.0,-0.2266,0.2444,482.0,544.0,0.85354,True
397,0.0000,491.0,450.0,-0.2328,0.2500,484.0,540.0,0.85078,True
398,0.0000,489.5,451.5,-0.2352,0.2542,489.0,537.0,0.85479,True
399,0.0000,489.0,455.0,-0.2359,0.2639,494.0,530.0,0.85228,True
400,0.0000,477.5,458.0,-0.2539,0.2722,501.0,524.0,0.85457,True
401,0.0000,468.0,460.5,-0.2687,0.2792,508.0,519.0,0.85824,True
402,0.0000,456.0,463.5,-0.2875,0.2875,512.0,513.0,0.85500,True
403,0.0000,444.0,466.0,-0.3063,0.2944,512.0,508.0,0.84667,True
404,0.0000,438.0,468.5,-0.3156,0.3014,510.0,503.0,0.83506,True
405,0.0000,436.0,471.5,-0.3187,0.3097,508.0,497.0,0.82186,True
406,0.0000,436.0,474.5,-0.3187,0.3181,506.0,491.0,0.80874,True
407,0.0000,435.5,475.5,-0.3195,0.3208,501.0,489.0,0.79749,True
408,0.0000,434.0,475.5,-0.3219,0.3208,494.0,485.0,0.77992,True
409,0.0000,433.5,477.5,-0.3227,0.3264,491.0,481.0,0.76879,True
410,0.0000,434.5,477.5,-0.3211,0.3264,491.0,481.0,0.76879,True
411,0.0000,440.5,477.0,-0.3117,0.3250,489.0,482.0,0.76725,True
412,0.0000,445.5,476.5,-0.3039,0.3236,485.0,483.0,0.76255,True
413,0.0000,453.0,476.0,-0.2922,0.3222,480.0,484.0,0.75625,True
414,0.0000,462.0,475.0,-0.2781,0.3194,474.0,486.0,0.74988,True
415,0.0000,468.0,473.0,-0.2687,0.3139,470.0,494.0,0.75579,True
416,0.0000,471.0,471.0,-0.2641,0.3083,468.0,498.0,0.75867,True
417,0.0000,473.0,468.0,-0.2609,0.3000,466.0,504.0,0.76453,True
418,0.0000,474.5,467.0,-0.2586,0.2972,465.0,506.0,0.76592,True
419,0.0000,477.0,466.0,-0.2547,0.2944,464.0,508.0,0.76729,True
420,0.0000,478.0,464.5,-0.2531,0.2903,464.0,511.0,0.77182,True
421,0.0000,477.0,464.0,-0.2547,0.2889,464.0,512.0,0.77333,True
422,0.0000,478.5,462.5,-0.2523,0.2847,463.0,515.0,0.77619,True
423,0.0000,479.5,462.0,-0.2508,0.2833,463.0,516.0,0.77770,True
424,0.0000,480.0,460.5,-0.2500,0.2792,464.0,519.0,0.78391,True
425,0.0000,481.5,457.5,-0.2477,0.2708,463.0,525.0,0.79126,True
426,0.0000,481.5,456.5,-0.2477,0.2681,463.0,527.0,0.79427,True
427,0.0000,481.5,456.0,-0.2477,0.2667,465.0,528.0,0.79922,True
428,0.0000,480.5,456.0,-0.2492,0.2667,465.0,528.0,0.79922,True
429,0.0000,479.0,456.0,-0.2516,0.2667,466.0,528.0,0.80094,True
430,0.0000,475.5,456.0,-0.2570,0.2667,467.0,528.0,0.80266,True
431,0.0000,473.5,456.0,-0.2602,0.2667,467.0,528.0,0.80266,True
432,0.0000,470.0,456.0,-0.2656,0.2667,470.0,528.0,0.80781,True
433,0.0000,467.0,455.5,-0.2703,0.2653,474.0,529.0,0.81623,True
434,0.0000,467.0,455.0,-0.2703,0.2639,472.0,530.0,0.81432,True
435,0.0000,463.5,455.0,-0.2758,0.2639,475.0,530.0,0.81950,True
436,0.0000,461.5,454.5,-0.2789,0.2625,477.0,531.0,0.82450,True
437,0.0000,457.5,454.5,-0.2852,0.2625,481.0,531.0,0.83142,True
438,0.0000,453.5,453.0,-0.2914,0.2583,485.0,534.0,0.84307,True
439,0.0000,450.5,453.0,-0.2961,0.2583,485.0,534.0,0.84307,True
440,0.0000,448.5,453.0,-0.2992,0.2583,489.0,534.0,0.85002,True
441,0.0000,447.0,451.0,-0.3016,0.2528,488.0,538.0,0.85464,True
442,0.0000,444.5,450.5,-0.3055,0.2514,491.0,539.0,0.86149,True
443,0.0000,442.5,451.5,-0.3086,0.2542,493.0,537.0,0.86179,True
444,0.0000,449.5,448.0,-0.2977,0.2444,487.0,544.0,0.86240,True
445,0.0000,453.0,447.0,-0.2922,0.2417,486.0,546.0,0.86379,True
446,0.0000,457.0,447.0,-0.2859,0.2417,484.0,546.0,0.86023,True
447,0.0000,457.5,446.5,-0.2852,0.2403,485.0,547.0,0.86359,True
448,0.0000,460.5,446.0,-0.2805,0.2389,485.0,548.0,0.86517,True
449,0.0000,460.0,446.0,-0.2812,0.2389,488.0,548.0,0.87052,True
450,0.0000,462.0,447.0,-0.2781,0.2417,488.0,546.0,0.86734,True
451,0.0000,465.0,447.5,-0.2734,0.2431,484.0,545.0,0.85866,True
452,0.0000,467.0,448.5,-0.2703,0.2458,482.0,543.0,0.85197,True
453,0.0000,470.0,448.5,-0.2656,0.2458,482.0,543.0,0.85197,True
454,0.0000,470.0,448.5,-0.2656,0.2458,482.0,543.0,0.85197,True
455,0.0000,471.5,450.0,-0.2633,0.2500,481.0,540.0,0.84551,True
456,0.0000,471.0,454.5,-0.2641,0.2625,480.0,531.0,0.82969,True
457,0.0000,471.5,455.5,-0.2633,0.2653,481.0,529.0,0.82828,True
458,0.0000,466.5,455.5,-0.2711,0.2653,485.0,529.0,0.83517,True
459,0.0000,457.5,458.5,-0.2852,0.2736,495.0,523.0,0.84272,True
460,0.0000,455.5,460.0,-0.2883,0.2778,493.0,520.0,0.83451,True
461,0.0000,451.0,460.5,-0.2953,0.2792,496.0,519.0,0.83797,True
462,0.0000,448.0,461.0,-0.3000,0.2806,498.0,518.0,0.83973,True
463,0.0000,444.5,461.5,-0.3055,0.2819,501.0,517.0,0.84315,True
464,0.0000,442.0,462.0,-0.3094,0.2833,504.0,516.0,0.84656,True
465,0.0000,442.5,462.0,-0.3086,0.2833,503.0,516.0,0.84488,True
466,0.0000,443.0,462.0,-0.3078,0.2833,502.0,516.0,0.84320,True
467,0.0000,444.0,462.5,-0.3063,0.2847,506.0,515.0,0.84827,True
468,0.0000,450.0,462.5,-0.2969,0.2847,500.0,515.0,0.83822,True
469,0.0000,451.0,462.0,-0.2953,0.2833,504.0,516.0,0.84656,True
470,0.0000,458.0,461.5,-0.2844,0.2819,498.0,517.0,0.83811,True
471,0.0000,467.5,461.0,-0.2695,0.2806,489.0,518.0,0.82455,True
472,0.0000,471.5,461.0,-0.2633,0.2806,489.0,518.0,0.82455,True
473,0.0000,480.0,460.0,-0.2500,0.2778,484.0,520.0,0.81927,True
474,0.0000,489.5,460.5,-0.2352,0.2792,473.0,519.0,0.79911,True
475,0.0000,495.0,459.0,-0.2266,0.2750,470.0,522.0,0.79863,True
476,0.0000,500.0,458.0,-0.2188,0.2722,470.0,524.0,0.80169,True
477,0.0000,502.5,458.0,-0.2148,0.2722,469.0,524.0,0.79999,True
478,0.0000,501.5,457.5,-0.2164,0.2708,469.0,525.0,0.80151,True
479,0.0000,506.0,457.5,-0.2094,0.2708,458.0,525.0,0.78271,True
480,0.0000,506.0,457.5,-0.2094,0.2708,458.0,525.0,0.78271,True
481,0.0000,505.5,457.5,-0.2102,0.2708,461.0,525.0,0.78784,True
482,0.0000,498.5,458.0,-0.2211,0.2722,465.0,524.0,0.79316,True
483,0.0000,494.0,459.0,-0.2281,0.2750,468.0,522.0,0.79523,True
484,0.0000,489.5,459.0,-0.2352,0.2750,471.0,522.0,0.80033,True
485,0.0000,481.0,459.5,-0.2484,0.2764,484.0,521.0,0.82085,True
486,0.0000,483.5,460.5,-0.2445,0.2792,473.0,519.0,0.79911,True
487,0.0000,480.5,460.0,-0.2492,0.2778,475.0,520.0,0.80404,True
488,0.0000,468.5,460.5,-0.2680,0.2792,483.0,519.0,0.81601,True
489,0.0000,462.5,460.0,-0.2773,0.2778,487.0,520.0,0.82435,True
490,0.0000,453.0,460.5,-0.2922,0.2792,500.0,519.0,0.84473,True
491,0.0000,451.0,460.0,-0.2953,0.2778,496.0,520.0,0.83958,True
492,0.0000,447.5,460.0,-0.3008,0.2778,497.0,520.0,0.84128,True
493,0.0000,447.5,460.0,-0.3008,0.2778,497.0,520.0,0.84128,True
494,0.0000,443.0,459.5,-0.3078,0.2764,502.0,521.0,0.85137,True
495,0.0000,439.5,459.5,-0.3133,0.2764,505.0,521.0,0.85646,True
496,0.0000,434.0,458.5,-0.3219,0.2736,514.0,523.0,0.87507,True
497,0.0000,435.5,457.5,-0.3195,0.2708,511.0,525.0,0.87329,True
498,0.0000,437.0,457.5,-0.3172,0.2708,506.0,525.0,0.86475,True
499,0.0000,442.5,457.0,-0.3086,0.2694,503.0,526.0,0.86126,True
500,0.0000,450.5,456.5,-0.2961,0.2681,489.0,527.0,0.83888,True
501,0.0000,452.5,456.0,-0.2930,0.2667,487.0,528.0,0.83703,True
502,0.0000,454.5,456.0,-0.2898,0.2667,487.0,528.0,0.83703,True
503,0.0000,453.0,454.0,-0.2922,0.2611,492.0,532.0,0.85203,True
504,0.0000,450.5,453.5,-0.2961,0.2597,495.0,533.0,0.85884,True
505,0.0000,454.0,452.5,-0.2906,0.2569,492.0,535.0,0.85684,True
506,0.0000,453.5,452.0,-0.2914,0.2556,493.0,536.0,0.86018,True
507,0.0000,452.5,452.0,-0.2930,0.2556,493.0,536.0,0.86018,True
508,0.0000,450.5,453.0,-0.2961,0.2583,493.0,534.0,0.85697,True
509,0.0000,444.5,455.0,-0.3055,0.2639,499.0,530.0,0.86090,True
510,0.0000,445.0,456.0,-0.3047,0.2667,502.0,528.0,0.86281,True
511,0.0000,449.0,457.5,-0.2984,0.2708,492.0,525.0,0.84082,True
512,0.0000,455.5,460.0,-0.2883,0.2778,491.0,520.0,0.83112,True
513,0.0000,467.5,461.0,-0.2695,0.2806,481.0,518.0,0.81106,True
514,0.0000,487.0,459.5,-0.2391,0.2764,470.0,521.0,0.79710,True
515,0.0000,491.5,459.5,-0.2320,0.2764,469.0,521.0,0.79541,True
516,0.0000,498.0,459.0,-0.2219,0.2750,464.0,522.0,0.78844,True
517,0.0000,499.5,459.0,-0.2195,0.2750,461.0,522.0,0.78334,True
518,0.0000,500.0,459.5,-0.2188,0.2764,458.0,521.0,0.77675,True
519,0.0000,503.0,460.5,-0.2141,0.2792,454.0,519.0,0.76701,True
520,0.0000,505.5,460.5,-0.2102,0.2792,455.0,519.0,0.76870,True
521,0.0000,510.0,460.5,-0.2031,0.2792,454.0,519.0,0.76701,True
522,0.0000,513.5,459.5,-0.1977,0.2764,453.0,521.0,0.76827,True
523,0.0000,515.0,459.0,-0.1953,0.2750,452.0,522.0,0.76805,True
524,0.0000,514.0,459.5,-0.1969,0.2764,452.0,521.0,0.76658,True
525,0.0000,509.5,460.0,-0.2039,0.2778,459.0,520.0,0.77695,True
526,0.0000,502.0,461.5,-0.2156,0.2819,464.0,517.0,0.78089,True
527,0.0000,500.5,462.0,-0.2180,0.2833,459.0,516.0,0.77098,True
528,0.0000,496.5,463.0,-0.2242,0.2861,463.0,514.0,0.77468,True
529,0.0000,500.0,464.5,-0.2188,0.2903,464.0,511.0,0.77182,True
530,0.0000,500.0,465.0,-0.2188,0.2917,466.0,510.0,0.77363,True
531,0.0000,498.5,466.0,-0.2211,0.2944,465.0,508.0,0.76895,True
532,0.0000,494.0,469.0,-0.2281,0.3028,464.0,502.0,0.75823,True
533,0.0000,494.0,471.5,-0.2281,0.3097,464.0,497.0,0.75068,True
534,0.0000,498.5,473.5,-0.2211,0.3153,461.0,489.0,0.73382,True
535,0.0000,497.5,476.0,-0.2227,0.3222,457.0,488.0,0.72596,True
536,0.0000,502.5,477.0,-0.2148,0.3250,453.0,482.0,0.71076,True
537,0.0000,505.5,478.5,-0.2102,0.3292,451.0,479.0,0.70322,True
538,0.0000,506.5,480.0,-0.2086,0.3333,443.0,476.0,0.68642,True
539,0.0000,510.5,482.5,-0.2023,0.3403,443.0,471.0,0.67921,True
540,0.0000,510.0,485.0,-0.2031,0.3472,440.0,466.0,0.66745,True
541,0.0000,508.5,487.5,-0.2055,0.3542,441.0,461.0,0.66179,True
542,0.0000,502.0,489.5,-0.2156,0.3597,448.0,461.0,0.67229,True
543,0.0000,497.5,491.0,-0.2227,0.3639,453.0,458.0,0.67537,True
544,0.0000,494.5,490.5,-0.2273,0.3625,453.0,459.0,0.67685,True
545,0.0000,486.0,490.5,-0.2406,0.3625,460.0,459.0,0.68730,True
546,0.0000,485.5,491.0,-0.2414,0.3639,457.0,458.0,0.68133,True
547,0.0000,482.5,490.0,-0.2461,0.3611,459.0,460.0,0.68730,True
548,0.0000,481.0,489.5,-0.2484,0.3597,460.0,461.0,0.69030,True
549,0.0000,480.5,489.0,-0.2492,0.3583,459.0,462.0,0.69029,True
550,0.0000,482.5,488.0,-0.2461,0.3556,459.0,464.0,0.69328,True
551,0.0000,485.5,485.5,-0.2414,0.3486,457.0,469.0,0.69770,True
552,0.0000,493.0,481.0,-0.2297,0.3361,450.0,478.0,0.70020,True
553,0.0000,509.0,477.0,-0.2047,0.3250,438.0,482.0,0.68723,True
554,0.0000,514.0,475.0,-0.1969,0.3194,434.0,486.0,0.68660,True
555,0.0000,519.0,473.0,-0.1891,0.3139,430.0,490.0,0.68587,True
556,0.0000,523.5,471.0,-0.1820,0.3083,425.0,494.0,0.68343,True
557,0.0000,526.5,468.5,-0.1773,0.3014,423.0,499.0,0.68710,True
558,0.0000,529.5,466.0,-0.1727,0.2944,423.0,504.0,0.69398,True
559,0.0000,532.5,463.5,-0.1680,0.2875,421.0,509.0,0.69756,True
560,0.0000,532.0,463.5,-0.1688,0.2875,422.0,509.0,0.69921,True
561,0.0000,537.0,463.5,-0.1609,0.2875,416.0,509.0,0.68927,True
562,0.0000,538.0,463.5,-0.1594,0.2875,414.0,509.0,0.68596,True
563,0.0000,539.5,463.5,-0.1570,0.2875,413.0,509.0,0.68430,True
564,0.0000,540.5,463.5,-0.1555,0.2875,413.0,509.0,0.68430,True
565,0.0000,540.0,464.0,-0.1562,0.2889,412.0,508.0,0.68130,True
566,0.0000,539.5,466.0,-0.1570,0.2944,413.0,508.0,0.68296,True
567,0.0000,532.0,470.0,-0.1688,0.3056,416.0,500.0,0.67708,True
568,0.0000,529.0,471.5,-0.1734,0.3097,422.0,493.0,0.67723,True
569,0.0000,526.5,474.0,-0.1773,0.3167,423.0,488.0,0.67195,True
570,0.0000,526.0,478.5,-0.1781,0.3292,434.0,483.0,0.68236,True
571,0.0000,518.5,484.5,-0.1898,0.3458,441.0,467.0,0.67040,True
572,0.0000,511.5,487.0,-0.2008,0.3528,445.0,462.0,0.66924,True
573,0.0000,504.0,490.5,-0.2125,0.3625,456.0,459.0,0.68133,True
574,0.0000,486.5,496.5,-0.2398,0.3792,467.0,447.0,0.67952,True
575,0.0000,478.0,501.0,-0.2531,0.3917,470.0,438.0,0.67012,True
576,0.0000,472.5,506.0,-0.2617,0.4056,479.0,428.0,0.66736,True
577,0.0000,471.5,509.0,-0.2633,0.4139,463.0,422.0,0.63602,True
578,0.0000,473.0,511.0,-0.2609,0.4194,452.0,418.0,0.61503,True
579,0.0000,480.5,512.0,-0.2492,0.4222,437.0,416.0,0.59177,True
580,0.0000,485.0,507.0,-0.2422,0.4083,400.0,426.0,0.55469,True
581,0.0000,502.5,506.5,-0.2148,0.4069,389.0,427.0,0.54070,True
582,0.0000,506.5,506.5,-0.2086,0.4069,387.0,427.0,0.53792,True
583,0.0000,506.0,507.5,-0.2094,0.4097,388.0,425.0,0.53678,True
584,0.0000,506.5,508.0,-0.2086,0.4111,383.0,424.0,0.52862,True
585,0.0000,505.0,508.0,-0.2109,0.4111,384.0,424.0,0.53000,True
586,0.0000,504.0,509.0,-0.2125,0.4139,386.0,422.0,0.53025,True
587,0.0000,502.5,510.0,-0.2148,0.4167,389.0,420.0,0.53184,True
588,0.0000,502.0,511.5,-0.2156,0.4208,392.0,417.0,0.53211,True
589,0.0000,501.5,512.0,-0.2164,0.4222,391.0,416.0,0.52948,True
590,0.0000,501.5,513.0,-0.2164,0.4250,391.0,414.0,0.52693,True
591,0.0000,501.0,514.0,-0.2172,0.4278,392.0,412.0,0.52573,True
592,0.0000,500.0,514.5,-0.2188,0.4292,392.0,411.0,0.52445,True
593,0.0000,501.5,516.0,-0.2164,0.4333,391.0,408.0,0.51930,True
594,0.0000,501.5,517.5,-0.2164,0.4375,393.0,405.0,0.51812,True
595,0.0000,501.5,517.5,-0.2164,0.4375,395.0,405.0,0.52075,True
596,0.0000,499.0,518.0,-0.2203,0.4389,392.0,404.0,0.51552,True
597,0.0000,497.5,518.0,-0.2227,0.4389,397.0,404.0,0.52210,True
598,0.0000,498.5,518.0,-0.2211,0.4389,395.0,404.0,0.51947,True
599,0.0000,499.0,518.0,-0.2203,0.4389,394.0,404.0,0.51815,True
600,0.0000,499.5,518.0,-0.2195,0.4389,393.0,404.0,0.51684,True
601,0.0000,498.5,518.0,-0.2211,0.4389,393.0,404.0,0.51684,True
602,0.0000,499.0,518.0,-0.2203,0.4389,394.0,404.0,0.51815,True
603,0.0000,499.0,517.5,-0.2203,0.4375,394.0,405.0,0.51943,True
604,0.0000,500.0,517.5,-0.2188,0.4375,394.0,405.0,0.51943,True
605,0.0000,500.0,517.5,-0.2188,0.4375,392.0,405.0,0.51680,True
606,0.0000,500.0,518.0,-0.2188,0.4389,392.0,404.0,0.51552,True
607,0.0000,500.5,517.5,-0.2180,0.4375,391.0,405.0,0.51548,True
608,0.0000,500.5,517.5,-0.2180,0.4375,393.0,405.0,0.51812,True
609,0.0000,501.0,517.0,-0.2172,0.4361,392.0,406.0,0.51807,True
610,0.0000,502.5,516.0,-0.2148,0.4333,391.0,408.0,0.51930,True
611,0.0000,502.0,515.0,-0.2156,0.4306,392.0,410.0,0.52318,True
612,0.0000,504.0,512.5,-0.2125,0.4236,390.0,415.0,0.52686,True
613,0.0000,505.5,512.5,-0.2102,0.4236,387.0,415.0,0.52280,True
614,0.0000,504.0,511.5,-0.2125,0.4208,390.0,417.0,0.52939,True
615,0.0000,501.5,511.5,-0.2164,0.4208,395.0,417.0,0.53618,True
616,0.0000,501.5,511.5,-0.2164,0.4208,393.0,417.0,0.53347,True
617,0.0000,503.0,511.5,-0.2141,0.4208,392.0,417.0,0.53211,True
618,0.0000,503.0,511.5,-0.2141,0.4208,392.0,417.0,0.53211,True
619,0.0000,517.0,427.0,-0.1922,0.1861,374.0,586.0,0.71342,True
620,0.0000,518.5,385.5,-0.1898,0.0708,369.0,669.0,0.80358,True
621,0.0000,519.0,377.0,-0.1891,0.0472,368.0,686.0,0.82177,True
622,0.0000,519.5,378.0,-0.1883,0.0500,367.0,684.0,0.81715,True
623,0.0000,520.0,378.0,-0.1875,0.0500,364.0,684.0,0.81047,True
624,0.0000,519.0,377.5,-0.1891,0.0486,366.0,685.0,0.81611,True
625,0.0000,518.0,378.0,-0.1906,0.0500,366.0,684.0,0.81492,True
626,0.0000,518.5,378.0,-0.1898,0.0500,367.0,684.0,0.81715,True
627,0.0000,518.5,378.0,-0.1898,0.0500,367.0,684.0,0.81715,True
628,0.0000,519.0,378.0,-0.1891,0.0500,366.0,684.0,0.81492,True
629,0.0000,519.5,378.0,-0.1883,0.0500,365.0,684.0,0.81270,True
630,0.0000,519.5,378.5,-0.1883,0.0514,365.0,683.0,0.81151,True
631,0.0000,520.0,378.5,-0.1875,0.0514,364.0,683.0,0.80928,True
632,0.0000,519.5,380.0,-0.1883,0.0556,365.0,680.0,0.80794,True
633,0.0000,519.0,380.0,-0.1891,0.0556,366.0,680.0,0.81016,True
634,0.0000,517.5,380.5,-0.1914,0.0569,367.0,679.0,0.81118,True
635,0.0000,517.5,380.5,-0.1914,0.0569,369.0,679.0,0.81560,True
636,0.0000,519.0,380.5,-0.1891,0.0569,366.0,679.0,0.80896,True
637,0.0000,518.5,380.5,-0.1898,0.0569,367.0,679.0,0.81118,True
638,0.0000,518.5,380.5,-0.1898,0.0569,367.0,679.0,0.81118,True
639,0.0000,519.0,381.0,-0.1891,0.0583,366.0,678.0,0.80777,True
640,0.0000,519.0,381.0,-0.1891,0.0583,366.0,678.0,0.80777,True
641,0.0000,518.0,381.0,-0.1906,0.0583,368.0,678.0,0.81219,True
642,0.0000,517.5,381.0,-0.1914,0.0583,369.0,678.0,0.81439,True
643,0.0000,519.0,380.5,-0.1891,0.0569,366.0,679.0,0.80896,True
644,0.0000,519.5,381.0,-0.1883,0.0583,365.0,678.0,0.80557,True
645,0.0000,519.0,381.0,-0.1891,0.0583,366.0,678.0,0.80777,True
646,0.0000,519.0,380.5,-0.1891,0.0569,366.0,679.0,0.80896,True
647,0.0000,518.5,380.5,-0.1898,0.0569,367.0,679.0,0.81118,True
648,0.0000,518.0,380.5,-0.1906,0.0569,368.0,679.0,0.81339,True
649,0.0000,518.5,380.5,-0.1898,0.0569,367.0,679.0,0.81118,True
650,0.0000,519.0,380.5,-0.1891,0.0569,366.0,679.0,0.80896,True
651,0.0000,518.5,380.5,-0.1898,0.0569,367.0,679.0,0.81118,True
652,0.0000,518.5,380.5,-0.1898,0.0569,367.0,679.0,0.81118,True
653,0.0000,518.5,380.5,-0.1898,0.0569,367.0,679.0,0.81118,True
654,0.0000,518.5,380.0,-0.1898,0.0556,367.0,680.0,0.81237,True
655,0.0000,518.5,378.5,-0.1898,0.0514,367.0,683.0,0.81595,True
656,0.0000,519.0,378.5,-0.1891,0.0514,366.0,683.0,0.81373,True
657,0.0000,519.0,378.5,-0.1891,0.0514,366.0,683.0,0.81373,True
658,0.0000,519.0,378.5,-0.1891,0.0514,366.0,683.0,0.81373,True
659,0.0000,519.0,378.5,-0.1891,0.0514,366.0,683.0,0.81373,True
660,0.0000,518.0,378.5,-0.1906,0.0514,368.0,683.0,0.81818,True
661,0.0000,518.5,378.5,-0.1898,0.0514,367.0,683.0,0.81595,True
662,0.0000,518.0,378.5,-0.1906,0.0514,368.0,683.0,0.81818,True
663,0.0000,518.5,378.5,-0.1898,0.0514,367.0,683.0,0.81595,True
664,0.0000,518.0,378.5,-0.1906,0.0514,368.0,683.0,0.81818,True
665,0.0000,518.5,378.5,-0.1898,0.0514,369.0,683.0,0.82040,True
666,0.0000,517.5,378.5,-0.1914,0.0514,369.0,683.0,0.82040,True
667,0.0000,518.0,378.5,-0.1906,0.0514,368.0,683.0,0.81818,True
668,0.0000,518.5,378.5,-0.1898,0.0514,369.0,683.0,0.82040,True
669,0.0000,517.5,379.0,-0.1914,0.0528,369.0,682.0,0.81920,True
670,0.0000,517.5,379.0,-0.1914,0.0528,369.0,682.0,0.81920,True
671,0.0000,518.5,379.0,-0.1898,0.0528,369.0,682.0,0.81920,True
672,0.0000,517.5,379.5,-0.1914,0.0542,371.0,681.0,0.82243,True
673,0.0000,517.0,379.5,-0.1922,0.0542,370.0,681.0,0.82021,True
674,0.0000,516.5,380.5,-0.1930,0.0569,369.0,679.0,0.81560,True
675,0.0000,517.0,381.5,-0.1922,0.0597,370.0,677.0,0.81540,True
676,0.0000,517.0,381.0,-0.1922,0.0583,370.0,678.0,0.81660,True
677,0.0000,517.0,381.5,-0.1922,0.0597,370.0,677.0,0.81540,True
678,0.0000,516.5,381.5,-0.1930,0.0597,371.0,677.0,0.81760,True
679,0.0000,516.5,382.0,-0.1930,0.0611,371.0,676.0,0.81639,True
680,0.0000,516.5,382.0,-0.1930,0.0611,369.0,676.0,0.81199,True
681,0.0000,516.0,382.0,-0.1938,0.0611,370.0,676.0,0.81419,True
682,0.0000,516.5,382.5,-0.1930,0.0625,371.0,675.0,0.81519,True
683,0.0000,516.5,381.5,-0.1930,0.0597,371.0,673.0,0.81277,True
684,0.0000,516.0,383.0,-0.1938,0.0639,370.0,674.0,0.81178,True
685,0.0000,517.0,382.5,-0.1922,0.0625,370.0,671.0,0.80817,True
686,0.0000,515.5,383.0,-0.1945,0.0639,369.0,674.0,0.80959,True
687,0.0000,516.0,383.0,-0.1938,0.0639,370.0,674.0,0.81178,True
688,0.0000,516.5,383.0,-0.1930,0.0639,371.0,674.0,0.81398,True
689,0.0000,516.0,383.0,-0.1938,0.0639,370.0,674.0,0.81178,True
690,0.0000,515.5,382.0,-0.1945,0.0611,371.0,672.0,0.81156,True
691,0.0000,516.0,383.0,-0.1938,0.0639,370.0,674.0,0.81178,True
692,0.0000,516.5,383.0,-0.1930,0.0639,369.0,674.0,0.80959,True
693,0.0000,517.0,383.0,-0.1922,0.0639,370.0,674.0,0.81178,True
694,0.0000,517.0,383.0,-0.1922,0.0639,370.0,674.0,0.81178,True
695,0.0000,517.0,383.0,-0.1922,0.0639,370.0,674.0,0.81178,True
696,0.0000,516.5,383.0,-0.1930,0.0639,369.0,674.0,0.80959,True
697,0.0000,517.0,383.0,-0.1922,0.0639,370.0,674.0,0.81178,True
698,0.0000,516.5,382.5,-0.1930,0.0625,369.0,675.0,0.81079,True
699,0.0000,516.5,383.0,-0.1930,0.0639,369.0,674.0,0.80959,True
700,0.0000,516.0,383.0,-0.1938,0.0639,370.0,674.0,0.81178,True
701,0.0000,516.5,382.5,-0.1930,0.0625,371.0,675.0,0.81519,True
702,0.0000,516.5,382.5,-0.1930,0.0625,371.0,675.0,0.81519,True
703,0.0000,516.5,383.0,-0.1930,0.0639,371.0,674.0,0.81398,True
704,0.0000,516.5,383.0,-0.1930,0.0639,371.0,674.0,0.81398,True
705,0.0000,516.5,383.0,-0.1930,0.0639,371.0,674.0,0.81398,True
706,0.0000,516.0,382.0,-0.1938,0.0611,370.0,672.0,0.80937,True
707,0.0000,516.0,382.5,-0.1938,0.0625,370.0,671.0,0.80817,True
708,0.0000,516.0,383.5,-0.1938,0.0653,370.0,673.0,0.81058,True
709,0.0000,516.5,385.0,-0.1930,0.0694,371.0,670.0,0.80915,True
710,0.0000,516.5,384.5,-0.1930,0.0681,371.0,667.0,0.80552,True
711,0.0000,516.5,385.0,-0.1930,0.0694,369.0,666.0,0.79998,True
712,0.0000,516.0,385.0,-0.1938,0.0694,370.0,666.0,0.80215,True
713,0.0000,516.0,387.5,-0.1938,0.0764,370.0,661.0,0.79613,True
714,0.0000,516.0,388.0,-0.1938,0.0778,370.0,660.0,0.79492,True
715,0.0000,515.5,388.0,-0.1945,0.0778,369.0,660.0,0.79277,True
716,0.0000,515.5,388.0,-0.1945,0.0778,369.0,660.0,0.79277,True
717,0.0000,516.0,388.5,-0.1938,0.0792,370.0,659.0,0.79372,True
718,0.0000,516.0,388.5,-0.1938,0.0792,370.0,659.0,0.79372,True
719,0.0000,516.0,388.5,-0.1938,0.0792,370.0,659.0,0.79372,True
720,0.0000,516.0,388.5,-0.1938,0.0792,370.0,659.0,0.79372,True
721,0.0000,516.0,388.5,-0.1938,0.0792,370.0,659.0,0.79372,True
722,0.0000,516.0,389.0,-0.1938,0.0806,370.0,658.0,0.79251,True
723,0.0000,516.0,389.0,-0.1938,0.0806,370.0,658.0,0.79251,True
724,0.0000,516.0,389.0,-0.1938,0.0806,370.0,658.0,0.79251,True
725,0.0000,515.5,389.0,-0.1945,0.0806,369.0,658.0,0.79037,True
726,0.0000,516.0,389.0,-0.1938,0.0806,370.0,658.0,0.79251,True
727,0.0000,516.0,389.0,-0.1938,0.0806,370.0,658.0,0.79251,True
728,0.0000,515.5,389.0,-0.1945,0.0806,371.0,658.0,0.79465,True
729,0.0000,515.5,389.0,-0.1945,0.0806,371.0,658.0,0.79465,True
730,0.0000,515.5,389.0,-0.1945,0.0806,371.0,658.0,0.79465,True
731,0.0000,516.5,389.0,-0.1930,0.0806,371.0,658.0,0.79465,True
732,0.0000,515.5,389.0,-0.1945,0.0806,369.0,658.0,0.79037,True
733,0.0000,515.5,389.0,-0.1945,0.0806,369.0,658.0,0.79037,True
734,0.0000,515.5,389.5,-0.1945,0.0819,369.0,657.0,0.78917,True
735,0.0000,516.0,389.5,-0.1938,0.0819,370.0,657.0,0.79131,True
736,0.0000,515.5,389.5,-0.1945,0.0819,371.0,657.0,0.79345,True
737,0.0000,516.0,390.5,-0.1938,0.0847,370.0,655.0,0.78890,True
738,0.0000,516.0,392.5,-0.1938,0.0903,372.0,655.0,0.79316,True
739,0.0000,516.5,392.5,-0.1930,0.0903,373.0,655.0,0.79530,True
740,0.0000,517.0,393.0,-0.1922,0.0917,372.0,654.0,0.79195,True
741,0.0000,516.5,392.5,-0.1930,0.0903,371.0,655.0,0.79103,True
742,0.0000,517.0,393.0,-0.1922,0.0917,372.0,654.0,0.79195,True
743,0.0000,516.0,393.0,-0.1938,0.0917,372.0,654.0,0.79195,True
744,0.0000,516.5,393.0,-0.1930,0.0917,373.0,654.0,0.79408,True
745,0.0000,516.5,393.0,-0.1930,0.0917,373.0,654.0,0.79408,True
746,0.0000,516.5,393.5,-0.1930,0.0931,373.0,653.0,0.79287,True
747,0.0000,517.0,393.5,-0.1922,0.0931,372.0,653.0,0.79074,True
748,0.0000,517.0,393.5,-0.1922,0.0931,372.0,653.0,0.79074,True
749,0.0000,516.5,393.5,-0.1930,0.0931,373.0,653.0,0.79287,True
750,0.0000,517.0,393.5,-0.1922,0.0931,372.0,653.0,0.79074,True
751,0.0000,516.5,394.0,-0.1930,0.0944,373.0,652.0,0.79165,True
752,0.0000,517.0,395.0,-0.1922,0.0972,372.0,650.0,0.78711,True
753,0.0000,517.0,396.0,-0.1922,0.1000,372.0,648.0,0.78469,True
754,0.0000,517.0,396.0,-0.1922,0.1000,372.0,648.0,0.78469,True
755,0.0000,516.5,396.0,-0.1930,0.1000,373.0,648.0,0.78680,True
756,0.0000,516.5,396.5,-0.1930,0.1014,373.0,647.0,0.78558,True
757,0.0000,516.5,396.5,-0.1930,0.1014,373.0,647.0,0.78558,True
758,0.0000,516.5,397.0,-0.1930,0.1028,373.0,646.0,0.78437,True
759,0.0000,516.5,397.5,-0.1930,0.1042,373.0,645.0,0.78315,True
760,0.0000,516.5,397.5,-0.1930,0.1042,373.0,645.0,0.78315,True
761,0.0000,516.0,397.5,-0.1938,0.1042,372.0,645.0,0.78105,True
762,0.0000,516.0,397.5,-0.1938,0.1042,370.0,645.0,0.77686,True
763,0.0000,516.5,398.0,-0.1930,0.1056,371.0,644.0,0.77775,True
764,0.0000,517.0,397.5,-0.1922,0.1042,372.0,645.0,0.78105,True
765,0.0000,517.0,397.5,-0.1922,0.1042,372.0,645.0,0.78105,True
766,0.0000,517.0,397.5,-0.1922,0.1042,372.0,645.0,0.78105,True
767,0.0000,517.0,397.5,-0.1922,0.1042,372.0,645.0,0.78105,True
768,0.0000,517.0,397.5,-0.1922,0.1042,372.0,645.0,0.78105,True
769,0.0000,517.0,397.5,-0.1922,0.1042,372.0,645.0,0.78105,True
770,0.0000,517.0,397.5,-0.1922,0.1042,372.0,645.0,0.78105,True
771,0.0000,517.0,397.5,-0.1922,0.1042,372.0,645.0,0.78105,True
772,0.0000,517.0,397.5,-0.1922,0.1042,372.0,645.0,0.78105,True
773,0.0000,517.0,397.5,-0.1922,0.1042,372.0,645.0,0.78105,True
774,0.0000,517.0,397.0,-0.1922,0.1028,372.0,646.0,0.78227,True
775,0.0000,517.0,397.0,-0.1922,0.1028,372.0,646.0,0.78227,True
776,0.0000,516.5,397.0,-0.1930,0.1028,371.0,646.0,0.78016,True
777,0.0000,516.5,397.0,-0.1930,0.1028,371.0,646.0,0.78016,True
778,0.0000,516.5,397.0,-0.1930,0.1028,371.0,646.0,0.78016,True
779,0.0000,516.0,397.0,-0.1938,0.1028,370.0,646.0,0.77806,True
780,0.0000,516.0,397.0,-0.1938,0.1028,370.0,646.0,0.77806,True
781,0.0000,516.5,397.5,-0.1930,0.1042,371.0,645.0,0.77896,True
782,0.0000,516.5,397.5,-0.1930,0.1042,371.0,645.0,0.77896,True
783,0.0000,516.5,400.5,-0.1930,0.1125,371.0,639.0,0.77171,True
784,0.0000,516.5,400.5,-0.1930,0.1125,371.0,639.0,0.77171,True
785,0.0000,517.0,400.5,-0.1922,0.1125,370.0,639.0,0.76963,True
786,0.0000,517.0,400.5,-0.1922,0.1125,370.0,639.0,0.76963,True
787,0.0000,517.0,400.5,-0.1922,0.1125,370.0,639.0,0.76963,True
788,0.0000,516.5,401.0,-0.1930,0.1139,371.0,638.0,0.77050,True
789,0.0000,516.5,401.0,-0.1930,0.1139,371.0,638.0,0.77050,True
790,0.0000,516.0,401.0,-0.1938,0.1139,370.0,638.0,0.76842,True
791,0.0000,516.0,401.5,-0.1938,0.1153,370.0,637.0,0.76722,True
792,0.0000,516.0,401.5,-0.1938,0.1153,370.0,637.0,0.76722,True
793,0.0000,516.5,401.5,-0.1930,0.1153,369.0,637.0,0.76515,True
794,0.0000,516.0,401.5,-0.1938,0.1153,370.0,637.0,0.76722,True
795,0.0000,516.0,401.5,-0.1938,0.1153,370.0,637.0,0.76722,True
796,0.0000,516.0,401.5,-0.1938,0.1153,370.0,637.0,0.76722,True
797,0.0000,516.5,401.5,-0.1930,0.1153,369.0,637.0,0.76515,True
798,0.0000,517.0,402.0,-0.1922,0.1167,370.0,636.0,0.76602,True
799,0.0000,516.5,402.0,-0.1930,0.1167,369.0,636.0,0.76395,True
800,0.0000,516.5,401.5,-0.1930,0.1153,369.0,637.0,0.76515,True
801,0.0000,516.5,401.5,-0.1930,0.1153,369.0,637.0,0.76515,True
